empID,name,gender,email,phone,salary
6914,Terrell Seiffert,Male,tseiffert0@biblegateway.com,547-956-7711,76215.40
6970,Amandy Strewther,Genderqueer,astrewther1@g.co,773-499-5546,67103.94
6419,Alwin Youell,Male,ayouell2@whitehouse.gov,812-155-4060,80351.88
6212,Matthus Maha,Male,mmaha3@cnn.com,900-430-5539,70537.02
6733,Adelle Joule,Female,ajoule4@blogspot.com,670-343-2309,70348.44
6813,Garvin Galea,Male,ggalea5@istockphoto.com,312-783-3904,87565.14
6160,Broddie Duffrie,Polygender,bduffrie6@europa.eu,606-744-4210,75721.24
6546,Pavlov Boulds,Male,pboulds7@irs.gov,181-331-3540,75191.16
6901,Milena Betteriss,Female,mbetteriss8@discovery.com,222-192-9931,88728.39
6903,Valma Greenhalgh,Female,vgreenhalgh9@rediff.com,576-374-1155,67475.77
6113,Townie Spur,Male,tspura@oracle.com,297-304-9028,82090.15
6474,Valida D'Angeli,Female,vdangelib@parallels.com,802-676-8274,74198.77
6483,Morly Stonard,Male,mstonardc@flickr.com,924-575-2853,71128.50
6277,Cthrine Meachem,Female,cmeachemd@samsung.com,224-629-8425,71350.61
6948,Lida Cicullo,Female,lciculloe@hostgator.com,881-394-6787,84160.37
6336,Melinde Hove,Female,mhovef@elegantthemes.com,443-203-4946,72861.82
6272,Krishnah Nuccii,Male,knucciig@moonfruit.com,375-605-4615,78438.16
6366,Worthy Langlands,Male,wlanglandsh@java.com,634-832-5507,77953.09
6784,Quill Biaggioli,Male,qbiaggiolii@illinois.edu,501-109-7945,68828.39
6940,Noe Caff,Male,ncaffj@alibaba.com,547-773-3315,80263.54
6030,Marlena Lasseter,Female,mlasseterk@nba.com,416-297-6673,81832.05
6932,Emili Haseman,Female,ehasemanl@redcross.org,420-131-5353,85838.85
6427,Geoffry Milne,Male,gmilnem@pinterest.com,792-798-7514,83380.75
6966,Amii Dunstone,Female,adunstonen@soundcloud.com,598-346-5643,79717.75
6218,Cliff Brumpton,Male,cbrumptono@w3.org,403-717-2963,74230.65
6602,Shelden Sumpter,Male,ssumpterp@dailymotion.com,836-553-8293,77190.65
6904,Arel Mc Meekin,Male,amcq@jigsy.com,850-169-7132,85929.53
6205,Dorolisa Hugland,Agender,dhuglandr@parallels.com,882-636-6367,70936.39
6760,Theodoric Batchley,Male,tbatchleys@instagram.com,936-134-9433,73068.96
6981,Cammy Jeandot,Female,cjeandott@google.ca,155-560-5328,75967.60
6991,Gerick Alessandrini,Male,galessandriniu@alexa.com,208-546-5327,72567.18
6092,Felicle Croft,Female,fcroftv@blogger.com,770-118-1550,67546.45
6840,Valentino Solloway,Male,vsollowayw@zimbio.com,726-150-1018,75099.57
6893,Keri Dicks,Female,kdicksx@blogspot.com,747-451-4984,81873.70
6909,Quinlan Adelberg,Male,qadelbergy@thetimes.co.uk,561-224-3940,76271.92
6848,Benedicta Pfaffel,Female,bpfaffelz@deliciousdays.com,227-908-7856,75084.45
6440,Josias Hainge,Male,jhainge10@hc360.com,501-561-1082,86067.74
6060,Bruce Postle,Male,bpostle11@multiply.com,982-722-4447,70681.92
6848,Jase Calleja,Male,jcalleja12@washingtonpost.com,221-376-9108,72233.55
6394,Kit Leith-Harvey,Male,kleithharvey13@discuz.net,278-277-0571,72774.03
6645,Dallon Leband,Male,dleband14@g.co,367-462-1736,65210.47
6135,Selig Busher,Male,sbusher15@homestead.com,915-495-5889,67878.26
6360,Nike Plott,Female,nplott16@amazon.co.uk,204-791-3646,78674.33
6537,Delainey Saltsberger,Male,dsaltsberger17@si.edu,587-951-9402,72435.97
6435,Randy Rigeby,Male,rrigeby18@technorati.com,209-612-5261,85400.76
6702,Ingemar Scough,Male,iscough19@pcworld.com,707-739-9304,82454.28
6664,Alix Castanos,Male,acastanos1a@blinklist.com,584-340-1963,87450.12
6673,Mella Temple,Female,mtemple1b@amazon.de,960-419-3948,83810.26
6578,Gill Strivens,Male,gstrivens1c@eventbrite.com,800-137-0567,73586.83
6261,Ladonna Richen,Female,lrichen1d@java.com,617-449-8341,66603.41
